{"cameraMode":{"drawMode":0,"name":"Shaded","section":"Shading Mode"},"sceneLighting":true,"audioPlay":false,"sceneViewState":{"showFog":true,"showMaterialUpdate":false,"showSkybox":true,"showFlares":true,"showImageEffects":true,"showParticleSystems":true},"in2DMode":false,"pivot":{"x":0.18119150400161744,"y":3.0494332313537599,"z":4.248939514160156},"rotation":{"x":-0.046779729425907138,"y":-0.02337578311562538,"z":0.0010940388310700656,"w":-0.998634397983551},"size":10.22909927368164,"orthographic":false}