{"cameraMode":{"drawMode":0,"name":"Shaded","section":"Shading Mode"},"sceneLighting":true,"audioPlay":false,"sceneViewState":{"showFog":true,"showMaterialUpdate":false,"showSkybox":true,"showFlares":true,"showImageEffects":true,"showParticleSystems":true},"in2DMode":false,"pivot":{"x":8.629364013671875,"y":-2.2267262935638429,"z":-15.679004669189454},"rotation":{"x":-0.019446860998868943,"y":-0.9703389406204224,"z":0.08346893638372421,"w":-0.2260650098323822},"size":10.0,"orthographic":false}