{"cameraMode":{"drawMode":0,"name":"Shaded","section":"Shading Mode"},"sceneLighting":true,"audioPlay":false,"sceneViewState":{"showFog":true,"showMaterialUpdate":false,"showSkybox":true,"showFlares":true,"showImageEffects":true,"showParticleSystems":true},"in2DMode":false,"pivot":{"x":-14.002338409423829,"y":12.720376014709473,"z":17.7719669342041},"rotation":{"x":-0.3545566499233246,"y":-0.5164366960525513,"z":0.24775871634483338,"w":-0.7390620708465576},"size":5.5097527503967289,"orthographic":false}