{"cameraMode":{"drawMode":0,"name":"Shaded","section":"Shading Mode"},"sceneLighting":true,"audioPlay":false,"sceneViewState":{"showFog":true,"showMaterialUpdate":false,"showSkybox":true,"showFlares":true,"showImageEffects":true,"showParticleSystems":true},"in2DMode":false,"pivot":{"x":4.024181365966797,"y":2.8833463191986086,"z":8.46286392211914},"rotation":{"x":0.12500245869159699,"y":0.8746586441993713,"z":-0.31760507822036745,"w":0.34427741169929507},"size":10.0,"orthographic":false}