{"cameraMode":{"drawMode":0,"name":"Shaded","section":"Shading Mode"},"sceneLighting":false,"audioPlay":false,"sceneViewState":{"m_AlwaysRefresh":false,"showFog":true,"showSkybox":false,"showFlares":true,"showImageEffects":true,"showParticleSystems":true,"showVisualEffectGraphs":true,"m_FxEnabled":true},"in2DMode":false,"pivot":{"x":-0.012875830754637719,"y":0.5914834141731262,"z":0.29027849435806277},"rotation":{"x":0.06546303629875183,"y":0.7780751585960388,"z":-0.0822443962097168,"w":0.619352400302887},"size":1.0349748134613038,"orthographic":false}