{"cameraMode":{"drawMode":0,"name":"Shaded","section":"Shading Mode"},"sceneLighting":true,"audioPlay":false,"sceneViewState":{"m_AlwaysRefresh":false,"showFog":true,"showSkybox":true,"showFlares":true,"showImageEffects":true,"showParticleSystems":true,"showVisualEffectGraphs":true,"m_FxEnabled":true},"in2DMode":false,"pivot":{"x":0.293354868888855,"y":-7.1896281242370609,"z":11.744403839111329},"rotation":{"x":-0.2943854331970215,"y":-0.005162682384252548,"z":0.0015949293738231063,"w":-0.9557000994682312},"size":8.496023178100586,"orthographic":false}