{"cameraMode":{"drawMode":0,"name":"Shaded","section":"Shading Mode"},"sceneLighting":false,"audioPlay":false,"sceneViewState":{"m_AlwaysRefresh":false,"showFog":true,"showSkybox":false,"showFlares":true,"showImageEffects":true,"showParticleSystems":true,"showVisualEffectGraphs":true,"m_FxEnabled":true},"in2DMode":false,"pivot":{"x":0.03721556067466736,"y":0.7072166800498962,"z":0.16381463408470155},"rotation":{"x":-0.15071849524974824,"y":-0.7955394983291626,"z":0.2204340100288391,"w":-0.543915331363678},"size":1.990722417831421,"orthographic":false}